unknown-text,true-author
unknown00001.txt,candidate00046
unknown00002.txt,candidate00001
unknown00003.txt,candidate00009
unknown00004.txt,candidate00019
unknown00005.txt,candidate00012
unknown00006.txt,candidate00033
unknown00007.txt,candidate00024
unknown00008.txt,candidate00039
unknown00009.txt,candidate00019
unknown00010.txt,candidate00048
unknown00011.txt,candidate00047
unknown00012.txt,candidate00012
unknown00013.txt,candidate00047
unknown00014.txt,candidate00049
unknown00015.txt,candidate00017
unknown00016.txt,candidate00040
unknown00017.txt,candidate00042
unknown00018.txt,candidate00011
unknown00019.txt,candidate00002
unknown00020.txt,candidate00025
unknown00021.txt,candidate00023
unknown00022.txt,candidate00029
unknown00023.txt,candidate00024
unknown00024.txt,candidate00048
unknown00025.txt,candidate00049
unknown00026.txt,candidate00042
unknown00027.txt,candidate00013
unknown00028.txt,candidate00032
unknown00029.txt,candidate00045
unknown00030.txt,candidate00013
unknown00031.txt,candidate00049
unknown00032.txt,candidate00049
unknown00033.txt,candidate00041
unknown00034.txt,candidate00042
unknown00035.txt,candidate00018
unknown00036.txt,candidate00025
unknown00037.txt,candidate00013
unknown00038.txt,candidate00005
unknown00039.txt,candidate00026
unknown00040.txt,candidate00015
unknown00041.txt,candidate00039
unknown00042.txt,candidate00010
unknown00043.txt,candidate00049
unknown00044.txt,candidate00005
unknown00045.txt,candidate00019
unknown00046.txt,candidate00008
unknown00047.txt,candidate00045
unknown00048.txt,candidate00007
unknown00049.txt,candidate00024
unknown00050.txt,candidate00038
unknown00051.txt,candidate00022
unknown00052.txt,candidate00046
unknown00053.txt,candidate00012
unknown00054.txt,candidate00037
unknown00055.txt,candidate00046
unknown00056.txt,candidate00014
unknown00057.txt,candidate00001
unknown00058.txt,candidate00039
unknown00059.txt,candidate00040
unknown00060.txt,candidate00036
unknown00061.txt,candidate00022
unknown00062.txt,candidate00014
unknown00063.txt,candidate00025
unknown00064.txt,candidate00044
unknown00065.txt,candidate00048
unknown00066.txt,candidate00007
unknown00067.txt,candidate00015
unknown00068.txt,candidate00004
unknown00069.txt,candidate00010
unknown00070.txt,candidate00019
unknown00071.txt,candidate00013
unknown00072.txt,candidate00042
unknown00073.txt,candidate00007
unknown00074.txt,candidate00041
unknown00075.txt,candidate00023
unknown00076.txt,candidate00031
unknown00077.txt,candidate00050
unknown00078.txt,candidate00042
unknown00079.txt,candidate00025
unknown00080.txt,candidate00009
unknown00081.txt,candidate00014
unknown00082.txt,candidate00034
unknown00083.txt,candidate00005
unknown00084.txt,candidate00013
unknown00085.txt,candidate00004
unknown00086.txt,candidate00007
unknown00087.txt,candidate00034
unknown00088.txt,candidate00018
unknown00089.txt,candidate00022
unknown00090.txt,candidate00024
unknown00091.txt,candidate00041
unknown00092.txt,candidate00041
unknown00093.txt,candidate00034
unknown00094.txt,candidate00034
unknown00095.txt,candidate00017
unknown00096.txt,candidate00009
unknown00097.txt,candidate00010
unknown00098.txt,candidate00043
unknown00099.txt,candidate00046
unknown00100.txt,candidate00002
unknown00101.txt,candidate00007
unknown00102.txt,candidate00022
unknown00103.txt,candidate00048
unknown00104.txt,candidate00032
unknown00105.txt,candidate00035
unknown00106.txt,candidate00040
unknown00107.txt,candidate00014
unknown00108.txt,candidate00014
unknown00109.txt,candidate00021
unknown00110.txt,candidate00043
unknown00111.txt,candidate00004
unknown00112.txt,candidate00002
unknown00113.txt,candidate00001
unknown00114.txt,candidate00043
unknown00115.txt,candidate00044
unknown00116.txt,candidate00005
unknown00117.txt,candidate00044
unknown00118.txt,candidate00031
unknown00119.txt,candidate00019
unknown00120.txt,candidate00031
unknown00121.txt,candidate00021
unknown00122.txt,candidate00041
unknown00123.txt,candidate00027
unknown00124.txt,candidate00020
unknown00125.txt,candidate00022
unknown00126.txt,candidate00022
unknown00127.txt,candidate00007
unknown00128.txt,candidate00025
unknown00129.txt,candidate00025
unknown00130.txt,candidate00048
unknown00131.txt,candidate00045
unknown00132.txt,candidate00024
unknown00133.txt,candidate00050
unknown00134.txt,candidate00033
unknown00135.txt,candidate00006
unknown00136.txt,candidate00011
unknown00137.txt,candidate00006
unknown00138.txt,candidate00039
unknown00139.txt,candidate00016
unknown00140.txt,candidate00004
unknown00141.txt,candidate00005
unknown00142.txt,candidate00015
unknown00143.txt,candidate00016
unknown00144.txt,candidate00031
unknown00145.txt,candidate00045
unknown00146.txt,candidate00029
unknown00147.txt,candidate00049
unknown00148.txt,candidate00044
unknown00149.txt,candidate00037
unknown00150.txt,candidate00048
unknown00151.txt,candidate00021
unknown00152.txt,candidate00027
unknown00153.txt,candidate00046
unknown00154.txt,candidate00017
unknown00155.txt,candidate00004
unknown00156.txt,candidate00045
unknown00157.txt,candidate00030
unknown00158.txt,candidate00012
unknown00159.txt,candidate00047
unknown00160.txt,candidate00022
unknown00161.txt,candidate00041
unknown00162.txt,candidate00027
unknown00163.txt,candidate00017
unknown00164.txt,candidate00005
unknown00165.txt,candidate00017
unknown00166.txt,candidate00017
unknown00167.txt,candidate00008
unknown00168.txt,candidate00011
unknown00169.txt,candidate00047
unknown00170.txt,candidate00007
unknown00171.txt,candidate00016
unknown00172.txt,candidate00027
unknown00173.txt,candidate00007
unknown00174.txt,candidate00018
unknown00175.txt,candidate00011
unknown00176.txt,candidate00037
unknown00177.txt,candidate00040
unknown00178.txt,candidate00028
unknown00179.txt,candidate00033
unknown00180.txt,candidate00007
unknown00181.txt,candidate00006
unknown00182.txt,candidate00022
unknown00183.txt,candidate00048
unknown00184.txt,candidate00043
unknown00185.txt,candidate00028
unknown00186.txt,candidate00017
unknown00187.txt,candidate00016
unknown00188.txt,candidate00039
unknown00189.txt,candidate00050
unknown00190.txt,candidate00021
unknown00191.txt,candidate00022
unknown00192.txt,candidate00047
unknown00193.txt,candidate00050
unknown00194.txt,candidate00040
unknown00195.txt,candidate00035
unknown00196.txt,candidate00038
unknown00197.txt,candidate00038
unknown00198.txt,candidate00049
unknown00199.txt,candidate00010
unknown00200.txt,candidate00031
unknown00201.txt,candidate00009
unknown00202.txt,candidate00012
unknown00203.txt,candidate00035
unknown00204.txt,candidate00029
unknown00205.txt,candidate00020
unknown00206.txt,candidate00029
unknown00207.txt,candidate00013
unknown00208.txt,candidate00020
unknown00209.txt,candidate00033
unknown00210.txt,candidate00010
unknown00211.txt,candidate00037
unknown00212.txt,candidate00017
unknown00213.txt,candidate00020
unknown00214.txt,candidate00006
unknown00215.txt,candidate00012
unknown00216.txt,candidate00003
unknown00217.txt,candidate00012
unknown00218.txt,candidate00041
unknown00219.txt,candidate00044
unknown00220.txt,candidate00043
unknown00221.txt,candidate00030
unknown00222.txt,candidate00018
unknown00223.txt,candidate00003
unknown00224.txt,candidate00049
unknown00225.txt,candidate00021
unknown00226.txt,candidate00021
unknown00227.txt,candidate00009
unknown00228.txt,candidate00014
unknown00229.txt,candidate00007
unknown00230.txt,candidate00049
unknown00231.txt,candidate00043
unknown00232.txt,candidate00032
unknown00233.txt,candidate00005
unknown00234.txt,candidate00023
unknown00235.txt,candidate00013
unknown00236.txt,candidate00013
unknown00237.txt,candidate00031
unknown00238.txt,candidate00001
unknown00239.txt,candidate00033
unknown00240.txt,candidate00044
unknown00241.txt,candidate00034
unknown00242.txt,candidate00014
unknown00243.txt,candidate00045
unknown00244.txt,candidate00022
unknown00245.txt,candidate00027
unknown00246.txt,candidate00049
unknown00247.txt,candidate00043
unknown00248.txt,candidate00041
unknown00249.txt,candidate00030
unknown00250.txt,candidate00048
unknown00251.txt,candidate00048
unknown00252.txt,candidate00031
unknown00253.txt,candidate00042
unknown00254.txt,candidate00037
unknown00255.txt,candidate00008
unknown00256.txt,candidate00003
unknown00257.txt,candidate00029
unknown00258.txt,candidate00042
unknown00259.txt,candidate00009
unknown00260.txt,candidate00028
unknown00261.txt,candidate00040
unknown00262.txt,candidate00005
unknown00263.txt,candidate00004
unknown00264.txt,candidate00018
unknown00265.txt,candidate00016
unknown00266.txt,candidate00023
unknown00267.txt,candidate00049
unknown00268.txt,candidate00041
unknown00269.txt,candidate00026
unknown00270.txt,candidate00009
unknown00271.txt,candidate00037
unknown00272.txt,candidate00042
unknown00273.txt,candidate00008
unknown00274.txt,candidate00045
unknown00275.txt,candidate00024
unknown00276.txt,candidate00025
unknown00277.txt,candidate00032
unknown00278.txt,candidate00004
unknown00279.txt,candidate00004
unknown00280.txt,candidate00007
unknown00281.txt,candidate00049
unknown00282.txt,candidate00044
unknown00283.txt,candidate00040
unknown00284.txt,candidate00034
unknown00285.txt,candidate00018
unknown00286.txt,candidate00040
unknown00287.txt,candidate00008
unknown00288.txt,candidate00044
unknown00289.txt,candidate00024
unknown00290.txt,candidate00020
unknown00291.txt,candidate00037
unknown00292.txt,candidate00019
unknown00293.txt,candidate00017
unknown00294.txt,candidate00014
unknown00295.txt,candidate00044
unknown00296.txt,candidate00026
unknown00297.txt,candidate00022
unknown00298.txt,candidate00007
unknown00299.txt,candidate00016
unknown00300.txt,candidate00035
unknown00301.txt,candidate00030
unknown00302.txt,candidate00050
unknown00303.txt,candidate00017
unknown00304.txt,candidate00006
unknown00305.txt,candidate00010
unknown00306.txt,candidate00030
unknown00307.txt,candidate00008
unknown00308.txt,candidate00047
unknown00309.txt,candidate00029
unknown00310.txt,candidate00046
unknown00311.txt,candidate00016
unknown00312.txt,candidate00001
unknown00313.txt,candidate00039
unknown00314.txt,candidate00019
unknown00315.txt,candidate00035
unknown00316.txt,candidate00010
unknown00317.txt,candidate00002
unknown00318.txt,candidate00050
unknown00319.txt,candidate00009
unknown00320.txt,candidate00046
unknown00321.txt,candidate00041
unknown00322.txt,candidate00006
unknown00323.txt,candidate00024
unknown00324.txt,candidate00043
unknown00325.txt,candidate00023
unknown00326.txt,candidate00016
unknown00327.txt,candidate00016
unknown00328.txt,candidate00030
unknown00329.txt,candidate00030
unknown00330.txt,candidate00046
unknown00331.txt,candidate00045
unknown00332.txt,candidate00036
unknown00333.txt,candidate00007
unknown00334.txt,candidate00007
unknown00335.txt,candidate00011
unknown00336.txt,candidate00009
unknown00337.txt,candidate00012
unknown00338.txt,candidate00033
unknown00339.txt,candidate00041
unknown00340.txt,candidate00039
unknown00341.txt,candidate00013
unknown00342.txt,candidate00013
unknown00343.txt,candidate00013
unknown00344.txt,candidate00022
unknown00345.txt,candidate00042
unknown00346.txt,candidate00027
unknown00347.txt,candidate00017
unknown00348.txt,candidate00020
unknown00349.txt,candidate00017
unknown00350.txt,candidate00019
unknown00351.txt,candidate00032
unknown00352.txt,candidate00010
unknown00353.txt,candidate00025
unknown00354.txt,candidate00021
unknown00355.txt,candidate00042
unknown00356.txt,candidate00007
unknown00357.txt,candidate00020
unknown00358.txt,candidate00049
unknown00359.txt,candidate00008
unknown00360.txt,candidate00003
unknown00361.txt,candidate00039
unknown00362.txt,candidate00044
unknown00363.txt,candidate00046
unknown00364.txt,candidate00039
unknown00365.txt,candidate00046
unknown00366.txt,candidate00047
unknown00367.txt,candidate00041
unknown00368.txt,candidate00039
unknown00369.txt,candidate00046
unknown00370.txt,candidate00006
unknown00371.txt,candidate00037
unknown00372.txt,candidate00030
unknown00373.txt,candidate00030
unknown00374.txt,candidate00047
unknown00375.txt,candidate00033
unknown00376.txt,candidate00025
unknown00377.txt,candidate00009
unknown00378.txt,candidate00030
unknown00379.txt,candidate00015
unknown00380.txt,candidate00010
unknown00381.txt,candidate00027
unknown00382.txt,candidate00029
unknown00383.txt,candidate00032
unknown00384.txt,candidate00034
unknown00385.txt,candidate00003
unknown00386.txt,candidate00019
unknown00387.txt,candidate00038
unknown00388.txt,candidate00011
unknown00389.txt,candidate00025
unknown00390.txt,candidate00031
unknown00391.txt,candidate00002
unknown00392.txt,candidate00020
unknown00393.txt,candidate00039
unknown00394.txt,candidate00048
unknown00395.txt,candidate00036
unknown00396.txt,candidate00027
unknown00397.txt,candidate00034
unknown00398.txt,candidate00038
unknown00399.txt,candidate00047
unknown00400.txt,candidate00044
unknown00401.txt,candidate00039
unknown00402.txt,candidate00047
unknown00403.txt,candidate00029
unknown00404.txt,candidate00002
unknown00405.txt,candidate00041
unknown00406.txt,candidate00005
unknown00407.txt,candidate00040
unknown00408.txt,candidate00019
unknown00409.txt,candidate00050
unknown00410.txt,candidate00023
unknown00411.txt,candidate00032
unknown00412.txt,candidate00040
unknown00413.txt,candidate00036
unknown00414.txt,candidate00035
unknown00415.txt,candidate00014
unknown00416.txt,candidate00037
unknown00417.txt,candidate00035
unknown00418.txt,candidate00009
unknown00419.txt,candidate00025
unknown00420.txt,candidate00040
unknown00421.txt,candidate00011
unknown00422.txt,candidate00015
unknown00423.txt,candidate00036
unknown00424.txt,candidate00010
unknown00425.txt,candidate00036
unknown00426.txt,candidate00014
unknown00427.txt,candidate00036
unknown00428.txt,candidate00025
unknown00429.txt,candidate00020
unknown00430.txt,candidate00040
unknown00431.txt,candidate00049
unknown00432.txt,candidate00038
unknown00433.txt,candidate00018
unknown00434.txt,candidate00005
unknown00435.txt,candidate00050
unknown00436.txt,candidate00039
unknown00437.txt,candidate00050
unknown00438.txt,candidate00038
unknown00439.txt,candidate00011
unknown00440.txt,candidate00039
unknown00441.txt,candidate00011
unknown00442.txt,candidate00023
unknown00443.txt,candidate00043
unknown00444.txt,candidate00042
unknown00445.txt,candidate00025
unknown00446.txt,candidate00044
unknown00447.txt,candidate00021
unknown00448.txt,candidate00042
unknown00449.txt,candidate00037
unknown00450.txt,candidate00040
unknown00451.txt,candidate00010
unknown00452.txt,candidate00024
unknown00453.txt,candidate00006
unknown00454.txt,candidate00047
unknown00455.txt,candidate00015
unknown00456.txt,candidate00043
unknown00457.txt,candidate00019
unknown00458.txt,candidate00049
unknown00459.txt,candidate00031
unknown00460.txt,candidate00003
unknown00461.txt,candidate00035
unknown00462.txt,candidate00009
unknown00463.txt,candidate00032
unknown00464.txt,candidate00032
unknown00465.txt,candidate00026
unknown00466.txt,candidate00004
unknown00467.txt,candidate00036
unknown00468.txt,candidate00036
unknown00469.txt,candidate00026
unknown00470.txt,candidate00011
unknown00471.txt,candidate00005
unknown00472.txt,candidate00046
unknown00473.txt,candidate00024
unknown00474.txt,candidate00039
unknown00475.txt,candidate00008
unknown00476.txt,candidate00027
unknown00477.txt,candidate00022
unknown00478.txt,candidate00015
unknown00479.txt,candidate00002
unknown00480.txt,candidate00016
unknown00481.txt,candidate00032
unknown00482.txt,candidate00050
unknown00483.txt,candidate00027
unknown00484.txt,candidate00021
unknown00485.txt,candidate00022
unknown00486.txt,candidate00033
unknown00487.txt,candidate00028
unknown00488.txt,candidate00006
unknown00489.txt,candidate00034
unknown00490.txt,candidate00026
unknown00491.txt,candidate00001
unknown00492.txt,candidate00041
unknown00493.txt,candidate00030
unknown00494.txt,candidate00044
unknown00495.txt,candidate00034
unknown00496.txt,candidate00050
unknown00497.txt,candidate00006
unknown00498.txt,candidate00042
unknown00499.txt,candidate00038
unknown00500.txt,candidate00041
unknown00501.txt,candidate00019
unknown00502.txt,candidate00015
unknown00503.txt,candidate00019
unknown00504.txt,candidate00002
unknown00505.txt,candidate00038
unknown00506.txt,candidate00031
unknown00507.txt,candidate00025
unknown00508.txt,candidate00035
unknown00509.txt,candidate00009
unknown00510.txt,candidate00037
unknown00511.txt,candidate00010
unknown00512.txt,candidate00040
unknown00513.txt,candidate00018
unknown00514.txt,candidate00032
unknown00515.txt,candidate00050
unknown00516.txt,candidate00049
unknown00517.txt,candidate00024
unknown00518.txt,candidate00014
unknown00519.txt,candidate00041
unknown00520.txt,candidate00031
unknown00521.txt,candidate00016
unknown00522.txt,candidate00038
unknown00523.txt,candidate00011
unknown00524.txt,candidate00042
unknown00525.txt,candidate00027
unknown00526.txt,candidate00045
unknown00527.txt,candidate00048
unknown00528.txt,candidate00001
unknown00529.txt,candidate00049
unknown00530.txt,candidate00019
unknown00531.txt,candidate00005
unknown00532.txt,candidate00037
unknown00533.txt,candidate00031
unknown00534.txt,candidate00031
unknown00535.txt,candidate00011
unknown00536.txt,candidate00037
unknown00537.txt,candidate00002
unknown00538.txt,candidate00002
unknown00539.txt,candidate00043
unknown00540.txt,candidate00035
unknown00541.txt,candidate00021
unknown00542.txt,candidate00017
unknown00543.txt,candidate00037
unknown00544.txt,candidate00039
unknown00545.txt,candidate00032
unknown00546.txt,candidate00042
unknown00547.txt,candidate00006
unknown00548.txt,candidate00004
unknown00549.txt,candidate00039
unknown00550.txt,candidate00012
unknown00551.txt,candidate00002
unknown00552.txt,candidate00004
unknown00553.txt,candidate00005
unknown00554.txt,candidate00013
unknown00555.txt,candidate00044
unknown00556.txt,candidate00002
unknown00557.txt,candidate00029
unknown00558.txt,candidate00013
unknown00559.txt,candidate00008
unknown00560.txt,candidate00034
unknown00561.txt,candidate00033
unknown00562.txt,candidate00001
unknown00563.txt,candidate00027
unknown00564.txt,candidate00030
unknown00565.txt,candidate00001
unknown00566.txt,candidate00028
unknown00567.txt,candidate00029
unknown00568.txt,candidate00030
unknown00569.txt,candidate00035
unknown00570.txt,candidate00003
unknown00571.txt,candidate00047
unknown00572.txt,candidate00007
unknown00573.txt,candidate00048
unknown00574.txt,candidate00027
unknown00575.txt,candidate00016
unknown00576.txt,candidate00018
unknown00577.txt,candidate00023
unknown00578.txt,candidate00031
unknown00579.txt,candidate00013
unknown00580.txt,candidate00023
unknown00581.txt,candidate00024
unknown00582.txt,candidate00023
unknown00583.txt,candidate00002
unknown00584.txt,candidate00019
unknown00585.txt,candidate00019
unknown00586.txt,candidate00036
unknown00587.txt,candidate00037
unknown00588.txt,candidate00007
unknown00589.txt,candidate00032
unknown00590.txt,candidate00047
unknown00591.txt,candidate00020
unknown00592.txt,candidate00013
unknown00593.txt,candidate00040
unknown00594.txt,candidate00048
unknown00595.txt,candidate00049
unknown00596.txt,candidate00034
unknown00597.txt,candidate00007
unknown00598.txt,candidate00013
unknown00599.txt,candidate00010
unknown00600.txt,candidate00025
unknown00601.txt,candidate00020
unknown00602.txt,candidate00037
unknown00603.txt,candidate00021
unknown00604.txt,candidate00048
unknown00605.txt,candidate00002
unknown00606.txt,candidate00026
unknown00607.txt,candidate00008
unknown00608.txt,candidate00047
unknown00609.txt,candidate00020
unknown00610.txt,candidate00024
unknown00611.txt,candidate00034
unknown00612.txt,candidate00024
unknown00613.txt,candidate00034
unknown00614.txt,candidate00021
unknown00615.txt,candidate00035
unknown00616.txt,candidate00011
unknown00617.txt,candidate00029
unknown00618.txt,candidate00016
unknown00619.txt,candidate00011
unknown00620.txt,candidate00008
unknown00621.txt,candidate00011
unknown00622.txt,candidate00014
unknown00623.txt,candidate00044
unknown00624.txt,candidate00034
unknown00625.txt,candidate00032
unknown00626.txt,candidate00032
unknown00627.txt,candidate00041
unknown00628.txt,candidate00042
unknown00629.txt,candidate00004
unknown00630.txt,candidate00023
unknown00631.txt,candidate00021
unknown00632.txt,candidate00020
unknown00633.txt,candidate00006
unknown00634.txt,candidate00003
unknown00635.txt,candidate00012
unknown00636.txt,candidate00033
unknown00637.txt,candidate00023
unknown00638.txt,candidate00029
unknown00639.txt,candidate00050
unknown00640.txt,candidate00045
unknown00641.txt,candidate00031
unknown00642.txt,candidate00001
unknown00643.txt,candidate00048
unknown00644.txt,candidate00016
unknown00645.txt,candidate00037
unknown00646.txt,candidate00008
unknown00647.txt,candidate00008
unknown00648.txt,candidate00028
unknown00649.txt,candidate00042
unknown00650.txt,candidate00050
unknown00651.txt,candidate00032
unknown00652.txt,candidate00015
unknown00653.txt,candidate00015
unknown00654.txt,candidate00022
unknown00655.txt,candidate00023
unknown00656.txt,candidate00006
unknown00657.txt,candidate00040
unknown00658.txt,candidate00046
unknown00659.txt,candidate00038
unknown00660.txt,candidate00025
unknown00661.txt,candidate00004
unknown00662.txt,candidate00003
unknown00663.txt,candidate00026
unknown00664.txt,candidate00023
unknown00665.txt,candidate00008
unknown00666.txt,candidate00028
unknown00667.txt,candidate00014
unknown00668.txt,candidate00016
unknown00669.txt,candidate00014
unknown00670.txt,candidate00034
unknown00671.txt,candidate00006
unknown00672.txt,candidate00012
unknown00673.txt,candidate00016
unknown00674.txt,candidate00030
unknown00675.txt,candidate00004
unknown00676.txt,candidate00007
unknown00677.txt,candidate00009
unknown00678.txt,candidate00022
unknown00679.txt,candidate00043
unknown00680.txt,candidate00014
unknown00681.txt,candidate00019
unknown00682.txt,candidate00009
unknown00683.txt,candidate00048
unknown00684.txt,candidate00031
unknown00685.txt,candidate00046
unknown00686.txt,candidate00030
unknown00687.txt,candidate00032
unknown00688.txt,candidate00006
unknown00689.txt,candidate00027
unknown00690.txt,candidate00050
unknown00691.txt,candidate00043
unknown00692.txt,candidate00033
unknown00693.txt,candidate00002
unknown00694.txt,candidate00014
unknown00695.txt,candidate00033
unknown00696.txt,candidate00024
unknown00697.txt,candidate00022
unknown00698.txt,candidate00017
unknown00699.txt,candidate00008
unknown00700.txt,candidate00050
unknown00701.txt,candidate00002
unknown00702.txt,candidate00043
unknown00703.txt,candidate00023
unknown00704.txt,candidate00023
unknown00705.txt,candidate00037
unknown00706.txt,candidate00046
unknown00707.txt,candidate00009
unknown00708.txt,candidate00043
unknown00709.txt,candidate00044
unknown00710.txt,candidate00005
unknown00711.txt,candidate00009
unknown00712.txt,candidate00006
unknown00713.txt,candidate00047
unknown00714.txt,candidate00009
unknown00715.txt,candidate00034
unknown00716.txt,candidate00039
unknown00717.txt,candidate00029
unknown00718.txt,candidate00035
unknown00719.txt,candidate00038
unknown00720.txt,candidate00029
unknown00721.txt,candidate00026
unknown00722.txt,candidate00012
unknown00723.txt,candidate00012
unknown00724.txt,candidate00014
unknown00725.txt,candidate00033
unknown00726.txt,candidate00008
unknown00727.txt,candidate00045
unknown00728.txt,candidate00039
unknown00729.txt,candidate00024
unknown00730.txt,candidate00033
unknown00731.txt,candidate00018
unknown00732.txt,candidate00003
unknown00733.txt,candidate00023
unknown00734.txt,candidate00024
unknown00735.txt,candidate00030
unknown00736.txt,candidate00009
unknown00737.txt,candidate00049
unknown00738.txt,candidate00017
unknown00739.txt,candidate00023
unknown00740.txt,candidate00049
unknown00741.txt,candidate00018
unknown00742.txt,candidate00007
unknown00743.txt,candidate00027
unknown00744.txt,candidate00047
unknown00745.txt,candidate00010
unknown00746.txt,candidate00004
unknown00747.txt,candidate00009
unknown00748.txt,candidate00024
unknown00749.txt,candidate00048
unknown00750.txt,candidate00002
unknown00751.txt,candidate00010
unknown00752.txt,candidate00035
unknown00753.txt,candidate00021
unknown00754.txt,candidate00021
unknown00755.txt,candidate00029
unknown00756.txt,candidate00029
unknown00757.txt,candidate00036
unknown00758.txt,candidate00022
unknown00759.txt,candidate00027
unknown00760.txt,candidate00020
unknown00761.txt,candidate00031
unknown00762.txt,candidate00048
unknown00763.txt,candidate00042
unknown00764.txt,candidate00049
unknown00765.txt,candidate00048
unknown00766.txt,candidate00006
unknown00767.txt,candidate00046
unknown00768.txt,candidate00014
unknown00769.txt,candidate00028
unknown00770.txt,candidate00026
unknown00771.txt,candidate00035
unknown00772.txt,candidate00001
unknown00773.txt,candidate00005
unknown00774.txt,candidate00001
unknown00775.txt,candidate00047
unknown00776.txt,candidate00010
unknown00777.txt,candidate00030
unknown00778.txt,candidate00007
unknown00779.txt,candidate00008
unknown00780.txt,candidate00036
unknown00781.txt,candidate00028
unknown00782.txt,candidate00050
unknown00783.txt,candidate00002
unknown00784.txt,candidate00027
unknown00785.txt,candidate00026
unknown00786.txt,candidate00037
unknown00787.txt,candidate00004
unknown00788.txt,candidate00043
unknown00789.txt,candidate00023
unknown00790.txt,candidate00010
unknown00791.txt,candidate00025
unknown00792.txt,candidate00007
unknown00793.txt,candidate00015
unknown00794.txt,candidate00005
unknown00795.txt,candidate00050
unknown00796.txt,candidate00002
unknown00797.txt,candidate00026
unknown00798.txt,candidate00038
unknown00799.txt,candidate00017
unknown00800.txt,candidate00046
unknown00801.txt,candidate00029
unknown00802.txt,candidate00003
unknown00803.txt,candidate00018
unknown00804.txt,candidate00025
unknown00805.txt,candidate00012
unknown00806.txt,candidate00001
unknown00807.txt,candidate00039
unknown00808.txt,candidate00028
unknown00809.txt,candidate00016
unknown00810.txt,candidate00035
unknown00811.txt,candidate00032
unknown00812.txt,candidate00014
unknown00813.txt,candidate00007
unknown00814.txt,candidate00045
unknown00815.txt,candidate00012
unknown00816.txt,candidate00012
unknown00817.txt,candidate00050
unknown00818.txt,candidate00044
unknown00819.txt,candidate00045
unknown00820.txt,candidate00026
unknown00821.txt,candidate00038
unknown00822.txt,candidate00045
unknown00823.txt,candidate00045
unknown00824.txt,candidate00014
unknown00825.txt,candidate00014
unknown00826.txt,candidate00006
unknown00827.txt,candidate00050
unknown00828.txt,candidate00035
unknown00829.txt,candidate00009
unknown00830.txt,candidate00026
unknown00831.txt,candidate00001
unknown00832.txt,candidate00029
unknown00833.txt,candidate00033
unknown00834.txt,candidate00017
unknown00835.txt,candidate00039
unknown00836.txt,candidate00044
unknown00837.txt,candidate00002
unknown00838.txt,candidate00020
unknown00839.txt,candidate00046
unknown00840.txt,candidate00025
unknown00841.txt,candidate00013
unknown00842.txt,candidate00017
unknown00843.txt,candidate00029
unknown00844.txt,candidate00037
unknown00845.txt,candidate00003
unknown00846.txt,candidate00024
unknown00847.txt,candidate00035
unknown00848.txt,candidate00021
unknown00849.txt,candidate00002
unknown00850.txt,candidate00032
unknown00851.txt,candidate00024
unknown00852.txt,candidate00043
unknown00853.txt,candidate00001
unknown00854.txt,candidate00023
unknown00855.txt,candidate00025
unknown00856.txt,candidate00020
unknown00857.txt,candidate00011
unknown00858.txt,candidate00027
unknown00859.txt,candidate00044
unknown00860.txt,candidate00040
unknown00861.txt,candidate00041
unknown00862.txt,candidate00035
unknown00863.txt,candidate00034
unknown00864.txt,candidate00029
unknown00865.txt,candidate00033
unknown00866.txt,candidate00036
unknown00867.txt,candidate00028
unknown00868.txt,candidate00046
unknown00869.txt,candidate00035
unknown00870.txt,candidate00046
unknown00871.txt,candidate00007
unknown00872.txt,candidate00017
unknown00873.txt,candidate00046
unknown00874.txt,candidate00009
unknown00875.txt,candidate00001
unknown00876.txt,candidate00022
unknown00877.txt,candidate00005
unknown00878.txt,candidate00049
unknown00879.txt,candidate00028
unknown00880.txt,candidate00036
unknown00881.txt,candidate00021
unknown00882.txt,candidate00022
unknown00883.txt,candidate00010
unknown00884.txt,candidate00044
unknown00885.txt,candidate00044
unknown00886.txt,candidate00011
unknown00887.txt,candidate00018
unknown00888.txt,candidate00029
unknown00889.txt,candidate00023
unknown00890.txt,candidate00027
unknown00891.txt,candidate00045
unknown00892.txt,candidate00026
unknown00893.txt,candidate00038
unknown00894.txt,candidate00003
unknown00895.txt,candidate00046
unknown00896.txt,candidate00042
unknown00897.txt,candidate00034
unknown00898.txt,candidate00041
unknown00899.txt,candidate00050
unknown00900.txt,candidate00031
unknown00901.txt,candidate00021
unknown00902.txt,candidate00019
unknown00903.txt,candidate00016
unknown00904.txt,candidate00015
unknown00905.txt,candidate00022
unknown00906.txt,candidate00019
unknown00907.txt,candidate00010
unknown00908.txt,candidate00020
unknown00909.txt,candidate00015
unknown00910.txt,candidate00026
unknown00911.txt,candidate00031
unknown00912.txt,candidate00037
unknown00913.txt,candidate00028
unknown00914.txt,candidate00027
unknown00915.txt,candidate00048
unknown00916.txt,candidate00045
unknown00917.txt,candidate00012
unknown00918.txt,candidate00035
unknown00919.txt,candidate00043
unknown00920.txt,candidate00040
unknown00921.txt,candidate00010
unknown00922.txt,candidate00015
unknown00923.txt,candidate00035
unknown00924.txt,candidate00043
unknown00925.txt,candidate00036
unknown00926.txt,candidate00033
unknown00927.txt,candidate00021
unknown00928.txt,candidate00038
unknown00929.txt,candidate00012
unknown00930.txt,candidate00001
unknown00931.txt,candidate00033
unknown00932.txt,candidate00031
unknown00933.txt,candidate00045
unknown00934.txt,candidate00034
unknown00935.txt,candidate00047
unknown00936.txt,candidate00026
unknown00937.txt,candidate00040
unknown00938.txt,candidate00029
unknown00939.txt,candidate00003
unknown00940.txt,candidate00020
unknown00941.txt,candidate00018
unknown00942.txt,candidate00018
unknown00943.txt,candidate00026
unknown00944.txt,candidate00027
unknown00945.txt,candidate00013
unknown00946.txt,candidate00044
unknown00947.txt,candidate00032
unknown00948.txt,candidate00004
unknown00949.txt,candidate00050
unknown00950.txt,candidate00037
unknown00951.txt,candidate00024
unknown00952.txt,candidate00009
unknown00953.txt,candidate00023
unknown00954.txt,candidate00041
unknown00955.txt,candidate00002
unknown00956.txt,candidate00021
unknown00957.txt,candidate00040
unknown00958.txt,candidate00028
unknown00959.txt,candidate00010
unknown00960.txt,candidate00049
unknown00961.txt,candidate00030
unknown00962.txt,candidate00003
unknown00963.txt,candidate00034
unknown00964.txt,candidate00035
unknown00965.txt,candidate00014
unknown00966.txt,candidate00037
unknown00967.txt,candidate00033
unknown00968.txt,candidate00016
unknown00969.txt,candidate00032
unknown00970.txt,candidate00003
unknown00971.txt,candidate00009
unknown00972.txt,candidate00011
unknown00973.txt,candidate00004
unknown00974.txt,candidate00023
unknown00975.txt,candidate00050
unknown00976.txt,candidate00002
unknown00977.txt,candidate00018
unknown00978.txt,candidate00028
unknown00979.txt,candidate00037
unknown00980.txt,candidate00033
unknown00981.txt,candidate00009
unknown00982.txt,candidate00047
unknown00983.txt,candidate00019
unknown00984.txt,candidate00050
unknown00985.txt,candidate00008
unknown00986.txt,candidate00027
unknown00987.txt,candidate00028
unknown00988.txt,candidate00005
unknown00989.txt,candidate00015
unknown00990.txt,candidate00048
unknown00991.txt,candidate00010
unknown00992.txt,candidate00001
unknown00993.txt,candidate00017
unknown00994.txt,candidate00044
unknown00995.txt,candidate00030
unknown00996.txt,candidate00033
unknown00997.txt,candidate00009
unknown00998.txt,candidate00026
unknown00999.txt,candidate00022
unknown01000.txt,candidate00031
unknown01001.txt,candidate00016
unknown01002.txt,candidate00001
unknown01003.txt,candidate00050
unknown01004.txt,candidate00035
unknown01005.txt,candidate00015
unknown01006.txt,candidate00019
unknown01007.txt,candidate00048
unknown01008.txt,candidate00046
unknown01009.txt,candidate00011
unknown01010.txt,candidate00016
unknown01011.txt,candidate00021
unknown01012.txt,candidate00048
unknown01013.txt,candidate00009
unknown01014.txt,candidate00014
unknown01015.txt,candidate00011
unknown01016.txt,candidate00033
unknown01017.txt,candidate00046
unknown01018.txt,candidate00012
unknown01019.txt,candidate00031
unknown01020.txt,candidate00037
unknown01021.txt,candidate00037
unknown01022.txt,candidate00037
unknown01023.txt,candidate00011
unknown01024.txt,candidate00019
unknown01025.txt,candidate00043
unknown01026.txt,candidate00042
unknown01027.txt,candidate00005
unknown01028.txt,candidate00008
unknown01029.txt,candidate00013
unknown01030.txt,candidate00003
unknown01031.txt,candidate00026
unknown01032.txt,candidate00003
unknown01033.txt,candidate00038
unknown01034.txt,candidate00050
unknown01035.txt,candidate00023
unknown01036.txt,candidate00011
unknown01037.txt,candidate00026
unknown01038.txt,candidate00018
unknown01039.txt,candidate00038
unknown01040.txt,candidate00048
unknown01041.txt,candidate00015
unknown01042.txt,candidate00013
unknown01043.txt,candidate00011
unknown01044.txt,candidate00013
unknown01045.txt,candidate00046
unknown01046.txt,candidate00039
unknown01047.txt,candidate00023
unknown01048.txt,candidate00010
unknown01049.txt,candidate00012
unknown01050.txt,candidate00016
unknown01051.txt,candidate00020
unknown01052.txt,candidate00041
unknown01053.txt,candidate00002
unknown01054.txt,candidate00003
unknown01055.txt,candidate00044
unknown01056.txt,candidate00022
unknown01057.txt,candidate00038
unknown01058.txt,candidate00010
unknown01059.txt,candidate00029
unknown01060.txt,candidate00006
unknown01061.txt,candidate00045
unknown01062.txt,candidate00024
unknown01063.txt,candidate00041
unknown01064.txt,candidate00022
unknown01065.txt,candidate00017
unknown01066.txt,candidate00015
unknown01067.txt,candidate00004
unknown01068.txt,candidate00006
unknown01069.txt,candidate00003
unknown01070.txt,candidate00030
unknown01071.txt,candidate00006
unknown01072.txt,candidate00050
unknown01073.txt,candidate00014
unknown01074.txt,candidate00012
unknown01075.txt,candidate00040
unknown01076.txt,candidate00047
unknown01077.txt,candidate00005
unknown01078.txt,candidate00037
unknown01079.txt,candidate00012
unknown01080.txt,candidate00005
unknown01081.txt,candidate00023
unknown01082.txt,candidate00025
unknown01083.txt,candidate00005
unknown01084.txt,candidate00026
unknown01085.txt,candidate00023
unknown01086.txt,candidate00026
unknown01087.txt,candidate00045
unknown01088.txt,candidate00043
unknown01089.txt,candidate00045
unknown01090.txt,candidate00030
unknown01091.txt,candidate00019
unknown01092.txt,candidate00045
unknown01093.txt,candidate00022
unknown01094.txt,candidate00001
unknown01095.txt,candidate00017
unknown01096.txt,candidate00016
unknown01097.txt,candidate00035
unknown01098.txt,candidate00029
unknown01099.txt,candidate00005
unknown01100.txt,candidate00005
unknown01101.txt,candidate00044
unknown01102.txt,candidate00033
unknown01103.txt,candidate00021
unknown01104.txt,candidate00010
unknown01105.txt,candidate00015
unknown01106.txt,candidate00028
unknown01107.txt,candidate00044
unknown01108.txt,candidate00036
unknown01109.txt,candidate00038
unknown01110.txt,candidate00030
unknown01111.txt,candidate00046
unknown01112.txt,candidate00038
unknown01113.txt,candidate00006
unknown01114.txt,candidate00022
unknown01115.txt,candidate00004
unknown01116.txt,candidate00020
unknown01117.txt,candidate00047
unknown01118.txt,candidate00012
unknown01119.txt,candidate00011
unknown01120.txt,candidate00047
unknown01121.txt,candidate00008
unknown01122.txt,candidate00017
unknown01123.txt,candidate00046
unknown01124.txt,candidate00012
unknown01125.txt,candidate00028
unknown01126.txt,candidate00049
unknown01127.txt,candidate00012
unknown01128.txt,candidate00027
unknown01129.txt,candidate00041
unknown01130.txt,candidate00016
unknown01131.txt,candidate00042
unknown01132.txt,candidate00016
unknown01133.txt,candidate00034
unknown01134.txt,candidate00034
unknown01135.txt,candidate00015
unknown01136.txt,candidate00030
unknown01137.txt,candidate00028
unknown01138.txt,candidate00012
unknown01139.txt,candidate00025
unknown01140.txt,candidate00043
unknown01141.txt,candidate00018
unknown01142.txt,candidate00016
unknown01143.txt,candidate00039
unknown01144.txt,candidate00015
unknown01145.txt,candidate00043
unknown01146.txt,candidate00002
unknown01147.txt,candidate00022
unknown01148.txt,candidate00034
unknown01149.txt,candidate00015
unknown01150.txt,candidate00049
unknown01151.txt,candidate00020
unknown01152.txt,candidate00049
unknown01153.txt,candidate00041
unknown01154.txt,candidate00017
unknown01155.txt,candidate00023
unknown01156.txt,candidate00049
unknown01157.txt,candidate00032
unknown01158.txt,candidate00038
unknown01159.txt,candidate00045
unknown01160.txt,candidate00030
unknown01161.txt,candidate00038
unknown01162.txt,candidate00032
unknown01163.txt,candidate00025
unknown01164.txt,candidate00013
unknown01165.txt,candidate00031
unknown01166.txt,candidate00024
unknown01167.txt,candidate00035
unknown01168.txt,candidate00003
unknown01169.txt,candidate00048
unknown01170.txt,candidate00004
unknown01171.txt,candidate00042
unknown01172.txt,candidate00046
unknown01173.txt,candidate00029
unknown01174.txt,candidate00012
unknown01175.txt,candidate00031
unknown01176.txt,candidate00018
unknown01177.txt,candidate00024
unknown01178.txt,candidate00019
unknown01179.txt,candidate00042
unknown01180.txt,candidate00011
unknown01181.txt,candidate00040
unknown01182.txt,candidate00042
unknown01183.txt,candidate00023
unknown01184.txt,candidate00014
unknown01185.txt,candidate00009
unknown01186.txt,candidate00031
unknown01187.txt,candidate00041
unknown01188.txt,candidate00014
unknown01189.txt,candidate00041
unknown01190.txt,candidate00007
unknown01191.txt,candidate00035
unknown01192.txt,candidate00033
unknown01193.txt,candidate00031
unknown01194.txt,candidate00045
unknown01195.txt,candidate00019
unknown01196.txt,candidate00036
unknown01197.txt,candidate00022
unknown01198.txt,candidate00047
unknown01199.txt,candidate00018
unknown01200.txt,candidate00026
unknown01201.txt,candidate00018
unknown01202.txt,candidate00039
unknown01203.txt,candidate00027
unknown01204.txt,candidate00022
unknown01205.txt,candidate00045
unknown01206.txt,candidate00025
unknown01207.txt,candidate00018
unknown01208.txt,candidate00012
unknown01209.txt,candidate00047
unknown01210.txt,candidate00008
unknown01211.txt,candidate00043
unknown01212.txt,candidate00007
unknown01213.txt,candidate00044
unknown01214.txt,candidate00033
unknown01215.txt,candidate00048
unknown01216.txt,candidate00003
unknown01217.txt,candidate00025
unknown01218.txt,candidate00038
unknown01219.txt,candidate00026
unknown01220.txt,candidate00008
unknown01221.txt,candidate00011
unknown01222.txt,candidate00002
unknown01223.txt,candidate00016
unknown01224.txt,candidate00028
unknown01225.txt,candidate00043
unknown01226.txt,candidate00034
unknown01227.txt,candidate00032
unknown01228.txt,candidate00009
unknown01229.txt,candidate00017
unknown01230.txt,candidate00038
unknown01231.txt,candidate00046
unknown01232.txt,candidate00030
unknown01233.txt,candidate00027
unknown01234.txt,candidate00005
unknown01235.txt,candidate00032
unknown01236.txt,candidate00017
unknown01237.txt,candidate00028
unknown01238.txt,candidate00012
unknown01239.txt,candidate00030
unknown01240.txt,candidate00040
unknown01241.txt,candidate00009
unknown01242.txt,candidate00043
unknown01243.txt,candidate00021
unknown01244.txt,candidate00018
unknown01245.txt,candidate00026
unknown01246.txt,candidate00047
unknown01247.txt,candidate00018
unknown01248.txt,candidate00049
unknown01249.txt,candidate00025
unknown01250.txt,candidate00009
unknown01251.txt,candidate00049
unknown01252.txt,candidate00019
unknown01253.txt,candidate00027
unknown01254.txt,candidate00035
unknown01255.txt,candidate00023
unknown01256.txt,candidate00044
unknown01257.txt,candidate00018
unknown01258.txt,candidate00036
unknown01259.txt,candidate00005
unknown01260.txt,candidate00050
unknown01261.txt,candidate00010
unknown01262.txt,candidate00008
unknown01263.txt,candidate00021
unknown01264.txt,candidate00008
unknown01265.txt,candidate00024
unknown01266.txt,candidate00036
unknown01267.txt,candidate00049
unknown01268.txt,candidate00038
unknown01269.txt,candidate00021
unknown01270.txt,candidate00020
unknown01271.txt,candidate00034
unknown01272.txt,candidate00004
unknown01273.txt,candidate00022
unknown01274.txt,candidate00009
unknown01275.txt,candidate00006
unknown01276.txt,candidate00050
unknown01277.txt,candidate00027
unknown01278.txt,candidate00026
unknown01279.txt,candidate00003
unknown01280.txt,candidate00011
unknown01281.txt,candidate00041
unknown01282.txt,candidate00031
unknown01283.txt,candidate00001
unknown01284.txt,candidate00026
unknown01285.txt,candidate00004
unknown01286.txt,candidate00012
unknown01287.txt,candidate00015
unknown01288.txt,candidate00014
unknown01289.txt,candidate00009
unknown01290.txt,candidate00039
unknown01291.txt,candidate00016
unknown01292.txt,candidate00020
unknown01293.txt,candidate00013
unknown01294.txt,candidate00007
unknown01295.txt,candidate00001
unknown01296.txt,candidate00037
unknown01297.txt,candidate00006
unknown01298.txt,candidate00019
unknown01299.txt,candidate00048
unknown01300.txt,candidate00030
unknown01301.txt,candidate00039
unknown01302.txt,candidate00017
unknown01303.txt,candidate00033
unknown01304.txt,candidate00030
unknown01305.txt,candidate00020
unknown01306.txt,candidate00048
unknown01307.txt,candidate00026
unknown01308.txt,candidate00021
unknown01309.txt,candidate00036
unknown01310.txt,candidate00008
unknown01311.txt,candidate00026
unknown01312.txt,candidate00049
unknown01313.txt,candidate00046
unknown01314.txt,candidate00047
unknown01315.txt,candidate00011
unknown01316.txt,candidate00017
unknown01317.txt,candidate00036
unknown01318.txt,candidate00043
unknown01319.txt,candidate00048
unknown01320.txt,candidate00025
unknown01321.txt,candidate00028
unknown01322.txt,candidate00007
unknown01323.txt,candidate00001
unknown01324.txt,candidate00005
unknown01325.txt,candidate00029
unknown01326.txt,candidate00031
unknown01327.txt,candidate00004
unknown01328.txt,candidate00041
unknown01329.txt,candidate00042
unknown01330.txt,candidate00001
unknown01331.txt,candidate00012
unknown01332.txt,candidate00030
unknown01333.txt,candidate00040
unknown01334.txt,candidate00016
unknown01335.txt,candidate00011
unknown01336.txt,candidate00024
unknown01337.txt,candidate00006
unknown01338.txt,candidate00001
unknown01339.txt,candidate00035
unknown01340.txt,candidate00016
unknown01341.txt,candidate00010
unknown01342.txt,candidate00018
unknown01343.txt,candidate00016
unknown01344.txt,candidate00049
unknown01345.txt,candidate00049
unknown01346.txt,candidate00014
unknown01347.txt,candidate00036
unknown01348.txt,candidate00001
unknown01349.txt,candidate00034
unknown01350.txt,candidate00018
unknown01351.txt,candidate00028
unknown01352.txt,candidate00037
unknown01353.txt,candidate00022
unknown01354.txt,candidate00029
unknown01355.txt,candidate00036
unknown01356.txt,candidate00044
unknown01357.txt,candidate00050
unknown01358.txt,candidate00025
unknown01359.txt,candidate00009
unknown01360.txt,candidate00005
unknown01361.txt,candidate00019
unknown01362.txt,candidate00001
unknown01363.txt,candidate00037
unknown01364.txt,candidate00019
unknown01365.txt,candidate00015
unknown01366.txt,candidate00031
unknown01367.txt,candidate00001
unknown01368.txt,candidate00041
unknown01369.txt,candidate00010
unknown01370.txt,candidate00008
unknown01371.txt,candidate00047
unknown01372.txt,candidate00010
unknown01373.txt,candidate00038
unknown01374.txt,candidate00004
unknown01375.txt,candidate00015
unknown01376.txt,candidate00024
unknown01377.txt,candidate00022
unknown01378.txt,candidate00043
unknown01379.txt,candidate00036
unknown01380.txt,candidate00029
unknown01381.txt,candidate00018
unknown01382.txt,candidate00021
unknown01383.txt,candidate00023
unknown01384.txt,candidate00039
unknown01385.txt,candidate00049
unknown01386.txt,candidate00020
unknown01387.txt,candidate00028
unknown01388.txt,candidate00022
unknown01389.txt,candidate00042
unknown01390.txt,candidate00004
unknown01391.txt,candidate00015
unknown01392.txt,candidate00012
unknown01393.txt,candidate00014
unknown01394.txt,candidate00043
unknown01395.txt,candidate00028
unknown01396.txt,candidate00017
unknown01397.txt,candidate00020
unknown01398.txt,candidate00033
unknown01399.txt,candidate00036
unknown01400.txt,candidate00036
unknown01401.txt,candidate00006
unknown01402.txt,candidate00038
unknown01403.txt,candidate00036
unknown01404.txt,candidate00031
unknown01405.txt,candidate00017
unknown01406.txt,candidate00019
unknown01407.txt,candidate00006
unknown01408.txt,candidate00044
unknown01409.txt,candidate00003
unknown01410.txt,candidate00039
unknown01411.txt,candidate00003
unknown01412.txt,candidate00039
unknown01413.txt,candidate00002
unknown01414.txt,candidate00029
unknown01415.txt,candidate00026
unknown01416.txt,candidate00047
unknown01417.txt,candidate00026
unknown01418.txt,candidate00046
unknown01419.txt,candidate00032
unknown01420.txt,candidate00025
unknown01421.txt,candidate00009
unknown01422.txt,candidate00044
unknown01423.txt,candidate00028
unknown01424.txt,candidate00024
unknown01425.txt,candidate00029
unknown01426.txt,candidate00005
unknown01427.txt,candidate00050
unknown01428.txt,candidate00033
unknown01429.txt,candidate00039
unknown01430.txt,candidate00042
unknown01431.txt,candidate00005
unknown01432.txt,candidate00007
unknown01433.txt,candidate00033
unknown01434.txt,candidate00035
unknown01435.txt,candidate00014
unknown01436.txt,candidate00032
unknown01437.txt,candidate00007
unknown01438.txt,candidate00031
unknown01439.txt,candidate00018
unknown01440.txt,candidate00011
unknown01441.txt,candidate00032
unknown01442.txt,candidate00002
unknown01443.txt,candidate00007
unknown01444.txt,candidate00013
unknown01445.txt,candidate00048
unknown01446.txt,candidate00037
unknown01447.txt,candidate00011
unknown01448.txt,candidate00032
unknown01449.txt,candidate00029
unknown01450.txt,candidate00020
unknown01451.txt,candidate00012
unknown01452.txt,candidate00019
unknown01453.txt,candidate00003
unknown01454.txt,candidate00013
unknown01455.txt,candidate00044
unknown01456.txt,candidate00043
unknown01457.txt,candidate00008
unknown01458.txt,candidate00002
unknown01459.txt,candidate00024
unknown01460.txt,candidate00013
unknown01461.txt,candidate00037
unknown01462.txt,candidate00009
unknown01463.txt,candidate00043
unknown01464.txt,candidate00022
unknown01465.txt,candidate00027
unknown01466.txt,candidate00025
unknown01467.txt,candidate00023
unknown01468.txt,candidate00029
unknown01469.txt,candidate00016
unknown01470.txt,candidate00024
unknown01471.txt,candidate00007
unknown01472.txt,candidate00045
unknown01473.txt,candidate00003
unknown01474.txt,candidate00005
unknown01475.txt,candidate00020
unknown01476.txt,candidate00038
unknown01477.txt,candidate00008
unknown01478.txt,candidate00035
unknown01479.txt,candidate00046
unknown01480.txt,candidate00014
unknown01481.txt,candidate00038
unknown01482.txt,candidate00045
unknown01483.txt,candidate00049
unknown01484.txt,candidate00001
unknown01485.txt,candidate00036
unknown01486.txt,candidate00034
unknown01487.txt,candidate00049
unknown01488.txt,candidate00043
unknown01489.txt,candidate00050
unknown01490.txt,candidate00016
unknown01491.txt,candidate00005
unknown01492.txt,candidate00004
unknown01493.txt,candidate00024
unknown01494.txt,candidate00041
unknown01495.txt,candidate00032
unknown01496.txt,candidate00009
unknown01497.txt,candidate00010
unknown01498.txt,candidate00032
unknown01499.txt,candidate00037
unknown01500.txt,candidate00011
unknown01501.txt,candidate00013
unknown01502.txt,candidate00015
unknown01503.txt,candidate00030
unknown01504.txt,candidate00019
unknown01505.txt,candidate00016
unknown01506.txt,candidate00032
unknown01507.txt,candidate00013
unknown01508.txt,candidate00025
unknown01509.txt,candidate00022
unknown01510.txt,candidate00002
unknown01511.txt,candidate00033
unknown01512.txt,candidate00048
unknown01513.txt,candidate00011
unknown01514.txt,candidate00044
unknown01515.txt,candidate00024
unknown01516.txt,candidate00037
unknown01517.txt,candidate00028
unknown01518.txt,candidate00002
unknown01519.txt,candidate00021
unknown01520.txt,candidate00007
unknown01521.txt,candidate00030
unknown01522.txt,candidate00031
unknown01523.txt,candidate00033
unknown01524.txt,candidate00015
unknown01525.txt,candidate00035
unknown01526.txt,candidate00031
unknown01527.txt,candidate00007
unknown01528.txt,candidate00004
unknown01529.txt,candidate00043
unknown01530.txt,candidate00045
unknown01531.txt,candidate00034
unknown01532.txt,candidate00030
unknown01533.txt,candidate00003
unknown01534.txt,candidate00021
unknown01535.txt,candidate00022
unknown01536.txt,candidate00044
unknown01537.txt,candidate00003
unknown01538.txt,candidate00021
unknown01539.txt,candidate00044
unknown01540.txt,candidate00001
unknown01541.txt,candidate00013
unknown01542.txt,candidate00031
unknown01543.txt,candidate00036
unknown01544.txt,candidate00047
unknown01545.txt,candidate00026
unknown01546.txt,candidate00025
unknown01547.txt,candidate00050
unknown01548.txt,candidate00005
unknown01549.txt,candidate00039
unknown01550.txt,candidate00020
unknown01551.txt,candidate00046
unknown01552.txt,candidate00012
unknown01553.txt,candidate00043
unknown01554.txt,candidate00017
unknown01555.txt,candidate00019
unknown01556.txt,candidate00006
unknown01557.txt,candidate00019
unknown01558.txt,candidate00048
unknown01559.txt,candidate00005
unknown01560.txt,candidate00038
unknown01561.txt,candidate00003
unknown01562.txt,candidate00019
unknown01563.txt,candidate00039
unknown01564.txt,candidate00048
unknown01565.txt,candidate00043
unknown01566.txt,candidate00034
unknown01567.txt,candidate00039
unknown01568.txt,candidate00038
unknown01569.txt,candidate00049
unknown01570.txt,candidate00028
unknown01571.txt,candidate00034
unknown01572.txt,candidate00008
unknown01573.txt,candidate00036
unknown01574.txt,candidate00005
unknown01575.txt,candidate00022
unknown01576.txt,candidate00010
unknown01577.txt,candidate00014
unknown01578.txt,candidate00047
unknown01579.txt,candidate00043
unknown01580.txt,candidate00045
unknown01581.txt,candidate00004
unknown01582.txt,candidate00039
unknown01583.txt,candidate00023
unknown01584.txt,candidate00020
unknown01585.txt,candidate00048
unknown01586.txt,candidate00036
unknown01587.txt,candidate00040
unknown01588.txt,candidate00042
unknown01589.txt,candidate00037
unknown01590.txt,candidate00042
unknown01591.txt,candidate00049
unknown01592.txt,candidate00035
unknown01593.txt,candidate00003
unknown01594.txt,candidate00041
unknown01595.txt,candidate00023
unknown01596.txt,candidate00013
unknown01597.txt,candidate00034
unknown01598.txt,candidate00044
unknown01599.txt,candidate00031
unknown01600.txt,candidate00015
unknown01601.txt,candidate00013
unknown01602.txt,candidate00045
unknown01603.txt,candidate00045
unknown01604.txt,candidate00028
unknown01605.txt,candidate00045
unknown01606.txt,candidate00013
unknown01607.txt,candidate00034
unknown01608.txt,candidate00005
unknown01609.txt,candidate00008
unknown01610.txt,candidate00032
unknown01611.txt,candidate00008
unknown01612.txt,candidate00045
unknown01613.txt,candidate00005
unknown01614.txt,candidate00018
unknown01615.txt,candidate00004
unknown01616.txt,candidate00023
unknown01617.txt,candidate00017
unknown01618.txt,candidate00048
unknown01619.txt,candidate00008
unknown01620.txt,candidate00045
unknown01621.txt,candidate00004
unknown01622.txt,candidate00014
unknown01623.txt,candidate00038
unknown01624.txt,candidate00040
unknown01625.txt,candidate00007
unknown01626.txt,candidate00041
unknown01627.txt,candidate00022
unknown01628.txt,candidate00034
unknown01629.txt,candidate00046
unknown01630.txt,candidate00008
unknown01631.txt,candidate00031
unknown01632.txt,candidate00038
unknown01633.txt,candidate00016
unknown01634.txt,candidate00039
unknown01635.txt,candidate00036
unknown01636.txt,candidate00004
unknown01637.txt,candidate00031
unknown01638.txt,candidate00040
unknown01639.txt,candidate00029
unknown01640.txt,candidate00043
unknown01641.txt,candidate00008
unknown01642.txt,candidate00017
unknown01643.txt,candidate00004
unknown01644.txt,candidate00027
unknown01645.txt,candidate00020
unknown01646.txt,candidate00050
unknown01647.txt,candidate00045
unknown01648.txt,candidate00033
unknown01649.txt,candidate00044
unknown01650.txt,candidate00015
unknown01651.txt,candidate00048
unknown01652.txt,candidate00019
unknown01653.txt,candidate00013
unknown01654.txt,candidate00025
unknown01655.txt,candidate00017
unknown01656.txt,candidate00030
unknown01657.txt,candidate00012
unknown01658.txt,candidate00043
unknown01659.txt,candidate00033
unknown01660.txt,candidate00017
unknown01661.txt,candidate00026
unknown01662.txt,candidate00046
unknown01663.txt,candidate00046
unknown01664.txt,candidate00035
unknown01665.txt,candidate00036
unknown01666.txt,candidate00006
unknown01667.txt,candidate00002
unknown01668.txt,candidate00046
unknown01669.txt,candidate00030
unknown01670.txt,candidate00021
unknown01671.txt,candidate00049
unknown01672.txt,candidate00050
unknown01673.txt,candidate00021
unknown01674.txt,candidate00038
unknown01675.txt,candidate00015
unknown01676.txt,candidate00011
unknown01677.txt,candidate00010
unknown01678.txt,candidate00035
unknown01679.txt,candidate00019
unknown01680.txt,candidate00022
unknown01681.txt,candidate00001
unknown01682.txt,candidate00015
unknown01683.txt,candidate00007
unknown01684.txt,candidate00020
unknown01685.txt,candidate00049
unknown01686.txt,candidate00002
unknown01687.txt,candidate00019
unknown01688.txt,candidate00031
unknown01689.txt,candidate00030
unknown01690.txt,candidate00018
unknown01691.txt,candidate00021
unknown01692.txt,candidate00020
unknown01693.txt,candidate00034
unknown01694.txt,candidate00010
unknown01695.txt,candidate00027
unknown01696.txt,candidate00027
unknown01697.txt,candidate00028
unknown01698.txt,candidate00039
unknown01699.txt,candidate00048
unknown01700.txt,candidate00049
unknown01701.txt,candidate00024
unknown01702.txt,candidate00043
unknown01703.txt,candidate00006
unknown01704.txt,candidate00042
unknown01705.txt,candidate00006
unknown01706.txt,candidate00038
unknown01707.txt,candidate00035
unknown01708.txt,candidate00050
unknown01709.txt,candidate00009
unknown01710.txt,candidate00006
unknown01711.txt,candidate00009
unknown01712.txt,candidate00036
unknown01713.txt,candidate00012
unknown01714.txt,candidate00004
unknown01715.txt,candidate00021
unknown01716.txt,candidate00011
unknown01717.txt,candidate00015
unknown01718.txt,candidate00008
unknown01719.txt,candidate00007
unknown01720.txt,candidate00006
unknown01721.txt,candidate00017
unknown01722.txt,candidate00010
unknown01723.txt,candidate00037
unknown01724.txt,candidate00023
unknown01725.txt,candidate00003
unknown01726.txt,candidate00005
unknown01727.txt,candidate00029
unknown01728.txt,candidate00035
unknown01729.txt,candidate00045
unknown01730.txt,candidate00034
unknown01731.txt,candidate00003
unknown01732.txt,candidate00048
unknown01733.txt,candidate00006
unknown01734.txt,candidate00011
unknown01735.txt,candidate00026
unknown01736.txt,candidate00037
unknown01737.txt,candidate00033
unknown01738.txt,candidate00028
unknown01739.txt,candidate00012
unknown01740.txt,candidate00042
unknown01741.txt,candidate00029
unknown01742.txt,candidate00027
unknown01743.txt,candidate00014
unknown01744.txt,candidate00043
unknown01745.txt,candidate00010
unknown01746.txt,candidate00032
unknown01747.txt,candidate00030
unknown01748.txt,candidate00028
unknown01749.txt,candidate00025
unknown01750.txt,candidate00017
unknown01751.txt,candidate00039
unknown01752.txt,candidate00036
unknown01753.txt,candidate00040
unknown01754.txt,candidate00048
unknown01755.txt,candidate00047
unknown01756.txt,candidate00038
unknown01757.txt,candidate00013
unknown01758.txt,candidate00024
unknown01759.txt,candidate00031
unknown01760.txt,candidate00021
unknown01761.txt,candidate00030
unknown01762.txt,candidate00017
unknown01763.txt,candidate00015
unknown01764.txt,candidate00032
unknown01765.txt,candidate00017
unknown01766.txt,candidate00030
unknown01767.txt,candidate00022
unknown01768.txt,candidate00046
unknown01769.txt,candidate00041
unknown01770.txt,candidate00038
unknown01771.txt,candidate00004
unknown01772.txt,candidate00018
unknown01773.txt,candidate00027
unknown01774.txt,candidate00016
unknown01775.txt,candidate00025
unknown01776.txt,candidate00007
unknown01777.txt,candidate00014
unknown01778.txt,candidate00035
unknown01779.txt,candidate00028
unknown01780.txt,candidate00042
unknown01781.txt,candidate00033
unknown01782.txt,candidate00013
unknown01783.txt,candidate00035
unknown01784.txt,candidate00005
unknown01785.txt,candidate00019
unknown01786.txt,candidate00021
unknown01787.txt,candidate00047
unknown01788.txt,candidate00008
unknown01789.txt,candidate00011
unknown01790.txt,candidate00033
unknown01791.txt,candidate00050
unknown01792.txt,candidate00024
unknown01793.txt,candidate00038
unknown01794.txt,candidate00039
unknown01795.txt,candidate00029
unknown01796.txt,candidate00023
unknown01797.txt,candidate00001
unknown01798.txt,candidate00027
unknown01799.txt,candidate00042
unknown01800.txt,candidate00008
unknown01801.txt,candidate00010
unknown01802.txt,candidate00010
unknown01803.txt,candidate00022
unknown01804.txt,candidate00030
unknown01805.txt,candidate00011
unknown01806.txt,candidate00043
unknown01807.txt,candidate00026
unknown01808.txt,candidate00022
unknown01809.txt,candidate00026
unknown01810.txt,candidate00020
unknown01811.txt,candidate00015
unknown01812.txt,candidate00009
unknown01813.txt,candidate00020
unknown01814.txt,candidate00017
unknown01815.txt,candidate00026
unknown01816.txt,candidate00005
unknown01817.txt,candidate00011
unknown01818.txt,candidate00040
unknown01819.txt,candidate00029
unknown01820.txt,candidate00023
unknown01821.txt,candidate00003
unknown01822.txt,candidate00042
unknown01823.txt,candidate00017
unknown01824.txt,candidate00034
unknown01825.txt,candidate00018
unknown01826.txt,candidate00041
unknown01827.txt,candidate00050
unknown01828.txt,candidate00036
unknown01829.txt,candidate00002
unknown01830.txt,candidate00029
unknown01831.txt,candidate00001
unknown01832.txt,candidate00004
unknown01833.txt,candidate00040
unknown01834.txt,candidate00012
unknown01835.txt,candidate00040
unknown01836.txt,candidate00021
unknown01837.txt,candidate00006
unknown01838.txt,candidate00001
unknown01839.txt,candidate00021
unknown01840.txt,candidate00031
unknown01841.txt,candidate00014
unknown01842.txt,candidate00001
unknown01843.txt,candidate00023
unknown01844.txt,candidate00029
unknown01845.txt,candidate00027
unknown01846.txt,candidate00033
unknown01847.txt,candidate00032
unknown01848.txt,candidate00025
unknown01849.txt,candidate00046
unknown01850.txt,candidate00028
unknown01851.txt,candidate00039
unknown01852.txt,candidate00005
unknown01853.txt,candidate00036
unknown01854.txt,candidate00013
unknown01855.txt,candidate00023
unknown01856.txt,candidate00027
unknown01857.txt,candidate00010
unknown01858.txt,candidate00008
unknown01859.txt,candidate00024
unknown01860.txt,candidate00044
unknown01861.txt,candidate00037
unknown01862.txt,candidate00008
unknown01863.txt,candidate00001
unknown01864.txt,candidate00004
unknown01865.txt,candidate00044
unknown01866.txt,candidate00001
unknown01867.txt,candidate00034
unknown01868.txt,candidate00014
unknown01869.txt,candidate00003
unknown01870.txt,candidate00011
unknown01871.txt,candidate00023
unknown01872.txt,candidate00042
unknown01873.txt,candidate00041
unknown01874.txt,candidate00023
unknown01875.txt,candidate00018
unknown01876.txt,candidate00010
unknown01877.txt,candidate00048
unknown01878.txt,candidate00002
unknown01879.txt,candidate00035
unknown01880.txt,candidate00042
unknown01881.txt,candidate00045
unknown01882.txt,candidate00011
unknown01883.txt,candidate00047
unknown01884.txt,candidate00045
unknown01885.txt,candidate00045
unknown01886.txt,candidate00039
unknown01887.txt,candidate00027
unknown01888.txt,candidate00021
unknown01889.txt,candidate00042
unknown01890.txt,candidate00029
unknown01891.txt,candidate00033
unknown01892.txt,candidate00038
unknown01893.txt,candidate00043
unknown01894.txt,candidate00027
unknown01895.txt,candidate00045
unknown01896.txt,candidate00031
unknown01897.txt,candidate00011
unknown01898.txt,candidate00015
unknown01899.txt,candidate00041
unknown01900.txt,candidate00038
unknown01901.txt,candidate00026
unknown01902.txt,candidate00027
unknown01903.txt,candidate00006
unknown01904.txt,candidate00035
unknown01905.txt,candidate00018
unknown01906.txt,candidate00015
unknown01907.txt,candidate00011
unknown01908.txt,candidate00038
unknown01909.txt,candidate00025
unknown01910.txt,candidate00049
unknown01911.txt,candidate00016
unknown01912.txt,candidate00031
unknown01913.txt,candidate00032
unknown01914.txt,candidate00024
unknown01915.txt,candidate00001
unknown01916.txt,candidate00003
unknown01917.txt,candidate00042
unknown01918.txt,candidate00006
unknown01919.txt,candidate00028
unknown01920.txt,candidate00020
unknown01921.txt,candidate00004
unknown01922.txt,candidate00046
unknown01923.txt,candidate00006
unknown01924.txt,candidate00041
unknown01925.txt,candidate00014
unknown01926.txt,candidate00028
unknown01927.txt,candidate00007
unknown01928.txt,candidate00014
unknown01929.txt,candidate00030
unknown01930.txt,candidate00005
unknown01931.txt,candidate00030
unknown01932.txt,candidate00021
unknown01933.txt,candidate00040
unknown01934.txt,candidate00035
unknown01935.txt,candidate00026
unknown01936.txt,candidate00042
unknown01937.txt,candidate00050
unknown01938.txt,candidate00002
unknown01939.txt,candidate00044
unknown01940.txt,candidate00049
unknown01941.txt,candidate00027
unknown01942.txt,candidate00020
unknown01943.txt,candidate00035
unknown01944.txt,candidate00024
unknown01945.txt,candidate00008
unknown01946.txt,candidate00044
unknown01947.txt,candidate00006
unknown01948.txt,candidate00007
unknown01949.txt,candidate00006
unknown01950.txt,candidate00001
unknown01951.txt,candidate00032
unknown01952.txt,candidate00032
unknown01953.txt,candidate00043
unknown01954.txt,candidate00041
unknown01955.txt,candidate00024
unknown01956.txt,candidate00008
unknown01957.txt,candidate00003
unknown01958.txt,candidate00014
unknown01959.txt,candidate00009
unknown01960.txt,candidate00003
unknown01961.txt,candidate00020
unknown01962.txt,candidate00002
unknown01963.txt,candidate00021
unknown01964.txt,candidate00009
unknown01965.txt,candidate00025
unknown01966.txt,candidate00032
unknown01967.txt,candidate00048
unknown01968.txt,candidate00047
unknown01969.txt,candidate00028
unknown01970.txt,candidate00009
unknown01971.txt,candidate00039
unknown01972.txt,candidate00005
unknown01973.txt,candidate00042
unknown01974.txt,candidate00030
unknown01975.txt,candidate00021
unknown01976.txt,candidate00037
unknown01977.txt,candidate00014
unknown01978.txt,candidate00048
unknown01979.txt,candidate00038
unknown01980.txt,candidate00025
unknown01981.txt,candidate00040
unknown01982.txt,candidate00039
unknown01983.txt,candidate00032
unknown01984.txt,candidate00025
unknown01985.txt,candidate00001
unknown01986.txt,candidate00032
unknown01987.txt,candidate00034
unknown01988.txt,candidate00041
unknown01989.txt,candidate00047
unknown01990.txt,candidate00021
unknown01991.txt,candidate00028
unknown01992.txt,candidate00020
unknown01993.txt,candidate00020
unknown01994.txt,candidate00019
unknown01995.txt,candidate00027
unknown01996.txt,candidate00044
unknown01997.txt,candidate00013
unknown01998.txt,candidate00047
unknown01999.txt,candidate00012
unknown02000.txt,candidate00014
unknown02001.txt,candidate00027
unknown02002.txt,candidate00036
unknown02003.txt,candidate00006
unknown02004.txt,candidate00010
unknown02005.txt,candidate00026
unknown02006.txt,candidate00047
unknown02007.txt,candidate00020
unknown02008.txt,candidate00029
unknown02009.txt,candidate00017
unknown02010.txt,candidate00031
unknown02011.txt,candidate00028
unknown02012.txt,candidate00010
unknown02013.txt,candidate00037
unknown02014.txt,candidate00003
unknown02015.txt,candidate00006
unknown02016.txt,candidate00007
unknown02017.txt,candidate00001
unknown02018.txt,candidate00032
unknown02019.txt,candidate00039
unknown02020.txt,candidate00047
unknown02021.txt,candidate00015
unknown02022.txt,candidate00042
unknown02023.txt,candidate00026
unknown02024.txt,candidate00018
unknown02025.txt,candidate00034
unknown02026.txt,candidate00015
unknown02027.txt,candidate00002
unknown02028.txt,candidate00023
unknown02029.txt,candidate00007
unknown02030.txt,candidate00002
unknown02031.txt,candidate00016
unknown02032.txt,candidate00017
unknown02033.txt,candidate00010
unknown02034.txt,candidate00028
unknown02035.txt,candidate00045
unknown02036.txt,candidate00040
unknown02037.txt,candidate00030
unknown02038.txt,candidate00005
unknown02039.txt,candidate00019
unknown02040.txt,candidate00006
unknown02041.txt,candidate00027
unknown02042.txt,candidate00002
unknown02043.txt,candidate00026
unknown02044.txt,candidate00040
unknown02045.txt,candidate00028
unknown02046.txt,candidate00030
unknown02047.txt,candidate00014
unknown02048.txt,candidate00001
unknown02049.txt,candidate00044
unknown02050.txt,candidate00001
unknown02051.txt,candidate00028
unknown02052.txt,candidate00041
unknown02053.txt,candidate00019
unknown02054.txt,candidate00035
unknown02055.txt,candidate00016
unknown02056.txt,candidate00009
unknown02057.txt,candidate00041
unknown02058.txt,candidate00019
unknown02059.txt,candidate00048
unknown02060.txt,candidate00016
unknown02061.txt,candidate00046
unknown02062.txt,candidate00013
unknown02063.txt,candidate00013
unknown02064.txt,candidate00016
unknown02065.txt,candidate00008
unknown02066.txt,candidate00042
unknown02067.txt,candidate00002
unknown02068.txt,candidate00050
unknown02069.txt,candidate00035
unknown02070.txt,candidate00018
unknown02071.txt,candidate00050
unknown02072.txt,candidate00010
unknown02073.txt,candidate00044
unknown02074.txt,candidate00049
unknown02075.txt,candidate00003
unknown02076.txt,candidate00047
unknown02077.txt,candidate00045
unknown02078.txt,candidate00029
unknown02079.txt,candidate00036
unknown02080.txt,candidate00044
unknown02081.txt,candidate00027
unknown02082.txt,candidate00012
unknown02083.txt,candidate00003
unknown02084.txt,candidate00024
unknown02085.txt,candidate00036
unknown02086.txt,candidate00040
unknown02087.txt,candidate00036
unknown02088.txt,candidate00015
unknown02089.txt,candidate00050
unknown02090.txt,candidate00007
unknown02091.txt,candidate00011
unknown02092.txt,candidate00048
unknown02093.txt,candidate00032
unknown02094.txt,candidate00006
unknown02095.txt,candidate00004
unknown02096.txt,candidate00026
unknown02097.txt,candidate00019
unknown02098.txt,candidate00003
unknown02099.txt,candidate00047
unknown02100.txt,candidate00040
unknown02101.txt,candidate00025
unknown02102.txt,candidate00021
unknown02103.txt,candidate00010
unknown02104.txt,candidate00025
unknown02105.txt,candidate00047
unknown02106.txt,candidate00040
unknown02107.txt,candidate00010
unknown02108.txt,candidate00012
unknown02109.txt,candidate00011
unknown02110.txt,candidate00016
unknown02111.txt,candidate00012
unknown02112.txt,candidate00001
unknown02113.txt,candidate00013
unknown02114.txt,candidate00042
unknown02115.txt,candidate00036
unknown02116.txt,candidate00033
unknown02117.txt,candidate00008
unknown02118.txt,candidate00011
unknown02119.txt,candidate00031
unknown02120.txt,candidate00032
unknown02121.txt,candidate00032
unknown02122.txt,candidate00012
unknown02123.txt,candidate00014
unknown02124.txt,candidate00030
unknown02125.txt,candidate00039
unknown02126.txt,candidate00003
unknown02127.txt,candidate00023
unknown02128.txt,candidate00012
unknown02129.txt,candidate00029
unknown02130.txt,candidate00031
unknown02131.txt,candidate00034
unknown02132.txt,candidate00036
unknown02133.txt,candidate00040
unknown02134.txt,candidate00013
unknown02135.txt,candidate00023
unknown02136.txt,candidate00029
unknown02137.txt,candidate00002
unknown02138.txt,candidate00022
unknown02139.txt,candidate00040
unknown02140.txt,candidate00019
unknown02141.txt,candidate00033
unknown02142.txt,candidate00046
unknown02143.txt,candidate00036
unknown02144.txt,candidate00026
unknown02145.txt,candidate00018
unknown02146.txt,candidate00005
unknown02147.txt,candidate00016
unknown02148.txt,candidate00016
unknown02149.txt,candidate00027
unknown02150.txt,candidate00038
unknown02151.txt,candidate00024
unknown02152.txt,candidate00040
unknown02153.txt,candidate00046
unknown02154.txt,candidate00037
unknown02155.txt,candidate00016
unknown02156.txt,candidate00009
unknown02157.txt,candidate00025
unknown02158.txt,candidate00010
unknown02159.txt,candidate00028
unknown02160.txt,candidate00005
unknown02161.txt,candidate00046
unknown02162.txt,candidate00013
unknown02163.txt,candidate00048
unknown02164.txt,candidate00038
unknown02165.txt,candidate00018
unknown02166.txt,candidate00024
unknown02167.txt,candidate00016
unknown02168.txt,candidate00017
unknown02169.txt,candidate00017
unknown02170.txt,candidate00034
unknown02171.txt,candidate00022
unknown02172.txt,candidate00018
unknown02173.txt,candidate00021
unknown02174.txt,candidate00005
unknown02175.txt,candidate00012
unknown02176.txt,candidate00017
unknown02177.txt,candidate00042
unknown02178.txt,candidate00029
unknown02179.txt,candidate00040
unknown02180.txt,candidate00013
unknown02181.txt,candidate00010
unknown02182.txt,candidate00004
unknown02183.txt,candidate00035
unknown02184.txt,candidate00049
unknown02185.txt,candidate00030
unknown02186.txt,candidate00041
unknown02187.txt,candidate00045
unknown02188.txt,candidate00048
unknown02189.txt,candidate00037
unknown02190.txt,candidate00040
unknown02191.txt,candidate00033
unknown02192.txt,candidate00035
unknown02193.txt,candidate00023
unknown02194.txt,candidate00003
unknown02195.txt,candidate00020
unknown02196.txt,candidate00044
unknown02197.txt,candidate00020
unknown02198.txt,candidate00024
unknown02199.txt,candidate00025
unknown02200.txt,candidate00013
unknown02201.txt,candidate00034
unknown02202.txt,candidate00046
unknown02203.txt,candidate00014
unknown02204.txt,candidate00050
unknown02205.txt,candidate00048
unknown02206.txt,candidate00011
unknown02207.txt,candidate00033
unknown02208.txt,candidate00004
unknown02209.txt,candidate00045
unknown02210.txt,candidate00012
unknown02211.txt,candidate00034
unknown02212.txt,candidate00013
unknown02213.txt,candidate00016
unknown02214.txt,candidate00026
unknown02215.txt,candidate00004
unknown02216.txt,candidate00007
unknown02217.txt,candidate00034
unknown02218.txt,candidate00002
unknown02219.txt,candidate00001
unknown02220.txt,candidate00022
unknown02221.txt,candidate00016
unknown02222.txt,candidate00010
unknown02223.txt,candidate00031
unknown02224.txt,candidate00048
unknown02225.txt,candidate00024
unknown02226.txt,candidate00010
unknown02227.txt,candidate00024
unknown02228.txt,candidate00040
unknown02229.txt,candidate00013
unknown02230.txt,candidate00007
unknown02231.txt,candidate00022
unknown02232.txt,candidate00045
unknown02233.txt,candidate00049
unknown02234.txt,candidate00008
unknown02235.txt,candidate00017
unknown02236.txt,candidate00012
unknown02237.txt,candidate00017
unknown02238.txt,candidate00014
unknown02239.txt,candidate00017
unknown02240.txt,candidate00016
unknown02241.txt,candidate00014
unknown02242.txt,candidate00050
unknown02243.txt,candidate00004
unknown02244.txt,candidate00029
unknown02245.txt,candidate00044
unknown02246.txt,candidate00011
unknown02247.txt,candidate00026
unknown02248.txt,candidate00038
unknown02249.txt,candidate00029
unknown02250.txt,candidate00006
unknown02251.txt,candidate00046
unknown02252.txt,candidate00048
unknown02253.txt,candidate00019
unknown02254.txt,candidate00035
unknown02255.txt,candidate00003
unknown02256.txt,candidate00009
unknown02257.txt,candidate00018
unknown02258.txt,candidate00020
unknown02259.txt,candidate00050
unknown02260.txt,candidate00043
unknown02261.txt,candidate00039
unknown02262.txt,candidate00021
unknown02263.txt,candidate00034
unknown02264.txt,candidate00006
unknown02265.txt,candidate00040
unknown02266.txt,candidate00038
unknown02267.txt,candidate00036
unknown02268.txt,candidate00039
unknown02269.txt,candidate00028
unknown02270.txt,candidate00020
unknown02271.txt,candidate00015
unknown02272.txt,candidate00050
unknown02273.txt,candidate00043
unknown02274.txt,candidate00027
unknown02275.txt,candidate00025
unknown02276.txt,candidate00049
unknown02277.txt,candidate00020
unknown02278.txt,candidate00036
unknown02279.txt,candidate00037
unknown02280.txt,candidate00006
unknown02281.txt,candidate00024
unknown02282.txt,candidate00007
unknown02283.txt,candidate00047
unknown02284.txt,candidate00011
unknown02285.txt,candidate00009
unknown02286.txt,candidate00009
unknown02287.txt,candidate00034
unknown02288.txt,candidate00045
unknown02289.txt,candidate00042
unknown02290.txt,candidate00031
unknown02291.txt,candidate00035
unknown02292.txt,candidate00032
unknown02293.txt,candidate00008
unknown02294.txt,candidate00028
unknown02295.txt,candidate00020
unknown02296.txt,candidate00041
unknown02297.txt,candidate00018
unknown02298.txt,candidate00042
unknown02299.txt,candidate00018
unknown02300.txt,candidate00041
unknown02301.txt,candidate00046
unknown02302.txt,candidate00035
unknown02303.txt,candidate00037
unknown02304.txt,candidate00046
unknown02305.txt,candidate00015
unknown02306.txt,candidate00041
unknown02307.txt,candidate00020
unknown02308.txt,candidate00032
unknown02309.txt,candidate00007
unknown02310.txt,candidate00026
unknown02311.txt,candidate00012
unknown02312.txt,candidate00005
unknown02313.txt,candidate00037
unknown02314.txt,candidate00042
unknown02315.txt,candidate00036
unknown02316.txt,candidate00002
unknown02317.txt,candidate00008
unknown02318.txt,candidate00040
unknown02319.txt,candidate00027
unknown02320.txt,candidate00011
unknown02321.txt,candidate00001
unknown02322.txt,candidate00043
unknown02323.txt,candidate00020
unknown02324.txt,candidate00028
unknown02325.txt,candidate00002
unknown02326.txt,candidate00050
unknown02327.txt,candidate00041
unknown02328.txt,candidate00004
unknown02329.txt,candidate00017
unknown02330.txt,candidate00030
unknown02331.txt,candidate00018
unknown02332.txt,candidate00002
unknown02333.txt,candidate00023
unknown02334.txt,candidate00023
unknown02335.txt,candidate00038
unknown02336.txt,candidate00007
unknown02337.txt,candidate00013
unknown02338.txt,candidate00022
unknown02339.txt,candidate00008
unknown02340.txt,candidate00012
unknown02341.txt,candidate00031
unknown02342.txt,candidate00002
unknown02343.txt,candidate00040
unknown02344.txt,candidate00005
unknown02345.txt,candidate00045
unknown02346.txt,candidate00014
unknown02347.txt,candidate00028
unknown02348.txt,candidate00040
unknown02349.txt,candidate00015
unknown02350.txt,candidate00041
unknown02351.txt,candidate00045
unknown02352.txt,candidate00021
unknown02353.txt,candidate00024
unknown02354.txt,candidate00049
unknown02355.txt,candidate00006
unknown02356.txt,candidate00026
unknown02357.txt,candidate00047
unknown02358.txt,candidate00015
unknown02359.txt,candidate00044
unknown02360.txt,candidate00012
unknown02361.txt,candidate00027
unknown02362.txt,candidate00049
unknown02363.txt,candidate00033
unknown02364.txt,candidate00032
unknown02365.txt,candidate00018
unknown02366.txt,candidate00039
unknown02367.txt,candidate00025
unknown02368.txt,candidate00050
unknown02369.txt,candidate00047
unknown02370.txt,candidate00050
unknown02371.txt,candidate00028
unknown02372.txt,candidate00019
unknown02373.txt,candidate00024
unknown02374.txt,candidate00029
unknown02375.txt,candidate00033
unknown02376.txt,candidate00006
unknown02377.txt,candidate00022
unknown02378.txt,candidate00008
unknown02379.txt,candidate00031
unknown02380.txt,candidate00039
unknown02381.txt,candidate00042
unknown02382.txt,candidate00030
unknown02383.txt,candidate00003
unknown02384.txt,candidate00006
unknown02385.txt,candidate00014
unknown02386.txt,candidate00038
unknown02387.txt,candidate00039
unknown02388.txt,candidate00001
unknown02389.txt,candidate00013
unknown02390.txt,candidate00030
unknown02391.txt,candidate00047
unknown02392.txt,candidate00005
unknown02393.txt,candidate00030
unknown02394.txt,candidate00033
unknown02395.txt,candidate00015
unknown02396.txt,candidate00015
unknown02397.txt,candidate00043
unknown02398.txt,candidate00025
unknown02399.txt,candidate00045
unknown02400.txt,candidate00036
unknown02401.txt,candidate00036
unknown02402.txt,candidate00033
unknown02403.txt,candidate00004
unknown02404.txt,candidate00004
unknown02405.txt,candidate00002
unknown02406.txt,candidate00049
unknown02407.txt,candidate00003
unknown02408.txt,candidate00033
unknown02409.txt,candidate00008
unknown02410.txt,candidate00047
unknown02411.txt,candidate00043
unknown02412.txt,candidate00037
unknown02413.txt,candidate00034
unknown02414.txt,candidate00024
unknown02415.txt,candidate00027
unknown02416.txt,candidate00015
unknown02417.txt,candidate00018
unknown02418.txt,candidate00047
unknown02419.txt,candidate00008
unknown02420.txt,candidate00047
unknown02421.txt,candidate00039
unknown02422.txt,candidate00042
unknown02423.txt,candidate00041
unknown02424.txt,candidate00013
unknown02425.txt,candidate00003
unknown02426.txt,candidate00014
unknown02427.txt,candidate00007
unknown02428.txt,candidate00044
unknown02429.txt,candidate00003
unknown02430.txt,candidate00037
unknown02431.txt,candidate00009
unknown02432.txt,candidate00040
unknown02433.txt,candidate00015
unknown02434.txt,candidate00019
unknown02435.txt,candidate00007
unknown02436.txt,candidate00028
unknown02437.txt,candidate00024
unknown02438.txt,candidate00026
unknown02439.txt,candidate00033
unknown02440.txt,candidate00021
unknown02441.txt,candidate00043
unknown02442.txt,candidate00004
unknown02443.txt,candidate00010
unknown02444.txt,candidate00046
unknown02445.txt,candidate00001
unknown02446.txt,candidate00013
unknown02447.txt,candidate00033
unknown02448.txt,candidate00029
unknown02449.txt,candidate00022
unknown02450.txt,candidate00019
unknown02451.txt,candidate00018
unknown02452.txt,candidate00050
unknown02453.txt,candidate00036
unknown02454.txt,candidate00048
unknown02455.txt,candidate00046
unknown02456.txt,candidate00029
unknown02457.txt,candidate00025
unknown02458.txt,candidate00004
unknown02459.txt,candidate00016
unknown02460.txt,candidate00038
unknown02461.txt,candidate00022
unknown02462.txt,candidate00034
unknown02463.txt,candidate00015
unknown02464.txt,candidate00027
unknown02465.txt,candidate00020
unknown02466.txt,candidate00047
unknown02467.txt,candidate00003
unknown02468.txt,candidate00018
unknown02469.txt,candidate00045
unknown02470.txt,candidate00037
unknown02471.txt,candidate00001
unknown02472.txt,candidate00034
unknown02473.txt,candidate00009
unknown02474.txt,candidate00023
unknown02475.txt,candidate00044
unknown02476.txt,candidate00031
unknown02477.txt,candidate00025
unknown02478.txt,candidate00021
unknown02479.txt,candidate00002
unknown02480.txt,candidate00043
unknown02481.txt,candidate00015
unknown02482.txt,candidate00041
unknown02483.txt,candidate00001
unknown02484.txt,candidate00004
unknown02485.txt,candidate00019
unknown02486.txt,candidate00025
unknown02487.txt,candidate00023
unknown02488.txt,candidate00032
unknown02489.txt,candidate00041
unknown02490.txt,candidate00033
unknown02491.txt,candidate00028
unknown02492.txt,candidate00004
unknown02493.txt,candidate00040
unknown02494.txt,candidate00042
unknown02495.txt,candidate00021
unknown02496.txt,candidate00018
unknown02497.txt,candidate00047
unknown02498.txt,candidate00002
unknown02499.txt,candidate00037
unknown02500.txt,candidate00018
